Player_ID,Player_Name,First_Name,Last_Name,Nationality,Position,Is_Offense,Is_Defense,Born
1,Wahab Ackwei,Wahab,Ackwei,GHA,DF,FALSE,TRUE,1996
2,Kyle Adams,Kyle,Adams,NZL,DF,FALSE,TRUE,1996
3,Matai Akinmboni,Matai,Akinmboni,USA,DF,FALSE,TRUE,2006
4,Joey Akpunonu,Joey,Akpunonu,USA,DF,FALSE,TRUE,2001
5,Tony Alfaro,Tony,Alfaro,USA,DF,FALSE,TRUE,1993
6,Gabriel Alves,Gabriel,Alves,,DF,FALSE,TRUE,
7,Devon Amoo-Mensah,Devon,Amoo-Mensah,USA,DF,FALSE,TRUE,1995
8,Allan Aniz,Allan,Aniz,BRA,DF,FALSE,TRUE,2003
9,Leland Archer,Leland,Archer,TRI,DF,FALSE,TRUE,1996
10,Charlie Asensio,Charlie,Asensio,USA,DF,FALSE,TRUE,2000
11,Arturo Astorga,Arturo,Astorga,,DF,FALSE,TRUE,
12,Danny Barbir,Danny,Barbir,USA,DF,FALSE,TRUE,1998
13,Lamar Batista,Lamar,Batista,USA,DF,FALSE,TRUE,1998
14,Edward Berumen,Edward,Berumen,USA,DF,FALSE,TRUE,2001
15,Luke Biasi,Luke,Biasi,USA,DF,FALSE,TRUE,1999
16,Samuel Biek,Samuel,Biek,GER,DF,FALSE,TRUE,1997
17,Eder Borelli,Eder,Borelli,MEX,DF,FALSE,TRUE,1990
18,Younes Boudadi,Younes,Boudadi,MAR,DF,FALSE,TRUE,1996
19,Bradley Bourgeois,Bradley,Bourgeois,USA,DF,FALSE,TRUE,1994
20,Pape Boye,Pape,Boye,SEN,DF,FALSE,TRUE,2003
21,Michael Bryant,Michael,Bryant,USA,DF,FALSE,TRUE,1995
22,Zane Bubb,Zane,Bubb,USA,DF,FALSE,TRUE,2000
23,Kendall Burks,Kendall,Burks,USA,DF,FALSE,TRUE,1999
24,Thomas Camier,Thomas,Camier,FRA,DF,FALSE,TRUE,2004
25,Nicolás Cardona,Nicolás,Cardona,PUR,DF,FALSE,TRUE,1999
26,Stephen Carroll,Stephen,Carroll,IRL,DF,FALSE,TRUE,1993
27,Pierre Cayet,Pierre,Cayet,FRA,DF,FALSE,TRUE,1999
28,Callum Chapman-Page,Callum,Chapman-Page,ENG,DF,FALSE,TRUE,1995
29,Wesley Charpie,Wesley,Charpie,USA,DF,FALSE,TRUE,1992
30,Jordan Chavez,Jordan,Chavez,USA,DF,FALSE,TRUE,1997
31,Abdoulaye Cissoko,Abdoulaye,Cissoko,FRA,DF,FALSE,TRUE,1999
32,Brandan Craig,Brandan,Craig,USA,DF,FALSE,TRUE,2004
33,Paco Craig,Paco,Craig,ENG,DF,FALSE,TRUE,1992
34,Robbie Crawford,Robbie,Crawford,SCO,DF,FALSE,TRUE,1993
35,Alex Crognale,Alex,Crognale,USA,DF,FALSE,TRUE,1994
36,Robby Dambrot,Robby,Dambrot,USA,DF,FALSE,TRUE,1994
37,Michael DeShields,Michael,DeShields,TRI,DF,FALSE,TRUE,1998
38,Lee Desmond,Lee,Desmond,IRL,DF,FALSE,TRUE,1995
39,Adrián Diz Pe,Adrián,Diz Pe,CUB,DF,FALSE,TRUE,1994
40,Jordan Doherty,Jordan,Doherty,IRL,DF,FALSE,TRUE,2000
41,Noah Dollenmayer,Noah,Dollenmayer,USA,DF,FALSE,TRUE,1999
42,Conor Donovan,Conor,Donovan,USA,DF,FALSE,TRUE,1996
43,Grayson Doody,Grayson,Doody,USA,DF,FALSE,TRUE,2002
44,Nathan Dossantos,Nathan,Dossantos,USA,DF,FALSE,TRUE,1999
45,Josh Drack,Josh,Drack,USA,DF,FALSE,TRUE,1999
46,Morris Duggan,Morris,Duggan,GER,DF,FALSE,TRUE,2000
47,Jacob Erlandson,Jacob,Erlandson,USA,DF,FALSE,TRUE,1999
48,Joe Farrell,Joe,Farrell,USA,DF,FALSE,TRUE,1994
49,Andrew Fox,Andrew,Fox,ENG,DF,FALSE,TRUE,1993
50,Alejandro Fuenmayor,Alejandro,Fuenmayor,VEN,DF,FALSE,TRUE,1996
51,Fabien Garcia,Fabien,Garcia,FRA,DF,FALSE,TRUE,1994
52,Elias Gärtig,Elias,Gärtig,DEN,DF,FALSE,TRUE,2002
53,Izaiah Garza,Izaiah,Garza,USA,DF,FALSE,TRUE,2006
54,Max Glasser,Max,Glasser,USA,DF,FALSE,TRUE,2000
55,Chris Gloster,Chris,Gloster,USA,DF,FALSE,TRUE,2000
56,Kai Greene,Kai,Greene,USA,DF,FALSE,TRUE,1993
57,Aaron Guillen,Aaron,Guillen,USA,DF,FALSE,TRUE,1993
58,Pedro Guimaraes,Pedro,Guimaraes,USA,DF,FALSE,TRUE,2008
59,Carlos Guzmán,Carlos,Guzmán,MEX,DF,FALSE,TRUE,1994
60,Joe Hafferty,Joe,Hafferty,USA,DF,FALSE,TRUE,1998
61,Anthony Herbert,Anthony,Herbert,TRI,DF,FALSE,TRUE,1998
62,Tristan Hodge,Tristan,Hodge,TRI,DF,FALSE,TRUE,1994
63,Patrick Hogan,Patrick,Hogan,USA,DF,FALSE,TRUE,1997
64,Maliek Howell,Maliek,Howell,JAM,DF,FALSE,TRUE,1999
65,Keegan Hughes,Keegan,Hughes,USA,DF,FALSE,TRUE,2000
66,Abdul Illal Osumanu,Abdul,Illal Osumanu,GHA,DF,FALSE,TRUE,1996
67,Chris Jean Francois,Chris,Jean Francois,,DF,FALSE,TRUE,
68,Oscar Jimenez,Oscar,Jimenez,USA,DF,FALSE,TRUE,1989
69,Phanuel Kavita,Phanuel,Kavita,RWA,DF,FALSE,TRUE,1993
70,Freddy Kleemann,Freddy,Kleemann,USA,DF,FALSE,TRUE,1999
71,Emrah Klimenta,Emrah,Klimenta,MNE,DF,FALSE,TRUE,1991
72,Daltyn Knutson,Daltyn,Knutson,USA,DF,FALSE,TRUE,1997
73,Duke Lacroix,Duke,Lacroix,HAI,DF,FALSE,TRUE,1993
74,Owen Lambe,Owen,Lambe,USA,DF,FALSE,TRUE,2000
75,Alex Lara,Alex,Lara,USA,DF,FALSE,TRUE,1998
76,Forrest Lasso,Forrest,Lasso,USA,DF,FALSE,TRUE,1993
77,Yanis Leerman,Yanis,Leerman,FRA,DF,FALSE,TRUE,1998
78,Jake Lent-Koop,Jake,Lent-Koop,USA,DF,FALSE,TRUE,2000
79,Brett Levis,Brett,Levis,CAN,DF,FALSE,TRUE,1993
80,Niall Logue,Niall,Logue,IRL,DF,FALSE,TRUE,1995
81,Matt Mahoney,Matt,Mahoney,USA,DF,FALSE,TRUE,1995
82,Justin Malou,Justin,Malou,SEN,DF,FALSE,TRUE,1998
83,Carter Manley,Carter,Manley,USA,DF,FALSE,TRUE,1996
84,Talen Maples,Talen,Maples,USA,DF,FALSE,TRUE,1998
85,Gagi Margvelashvili,Gagi,Margvelashvili,GEO,DF,FALSE,TRUE,1996
86,Nelson Martinez,Nelson,Martinez,USA,DF,FALSE,TRUE,2001
87,Justin Melly,Justin,Melly,USA,DF,FALSE,TRUE,2006
88,Moses Mensah,Moses,Mensah,GHA,DF,FALSE,TRUE,1998
89,Ashton Miles,Ashton,Miles,USA,DF,FALSE,TRUE,2004
90,Abdi Mohamed,Abdi,Mohamed,SOM,DF,FALSE,TRUE,1996
91,James Musa,James,Musa,NZL,DF,FALSE,TRUE,1992
92,Markus Nakkim,Markus,Nakkim,NOR,DF,FALSE,TRUE,1996
93,Daniel Navarro,Daniel,Navarro,BRA,DF,FALSE,TRUE,1991
94,Gennaro Nigro,Gennaro,Nigro,USA,DF,FALSE,TRUE,2000
95,Frank Nodarse,Frank,Nodarse,CUB,DF,FALSE,TRUE,2000
96,Elias Norris,Elias,Norris,USA,DF,FALSE,TRUE,2001
97,Josh O'Brien,Josh,O'Brien,ENG,DF,FALSE,TRUE,
98,Benjamin Ofeimu,Benjamin,Ofeimu,USA,DF,FALSE,TRUE,2000
99,Arturo Ordoñez,Arturo,Ordoñez,ESP,DF,FALSE,TRUE,1997
100,Arturo Ortiz,Arturo,Ortiz,MEX,DF,FALSE,TRUE,1992
101,Pele Ousmanou,Pele,Ousmanou,CMR,DF,FALSE,TRUE,2005
102,Giovanni Padilla,Giovanni,Padilla,USA,DF,FALSE,TRUE,2006
103,Juan Palma,Juan,Palma,COL,DF,FALSE,TRUE,1999
104,AJ Paterson,AJ,Paterson,GRN,DF,FALSE,TRUE,1996
105,Adrián Pelayo,Adrián,Pelayo,USA,DF,FALSE,TRUE,2006
106,Delentz Pierre,Delentz,Pierre,HAI,DF,FALSE,TRUE,2000
107,Álvaro Quezada,Álvaro,Quezada,USA,DF,FALSE,TRUE,1999
108,Matthew Real,Matthew,Real,USA,DF,FALSE,TRUE,1999
109,Grant Robinson,Grant,Robinson,USA,DF,FALSE,TRUE,1998
110,Kalen Ryden,Kalen,Ryden,USA,DF,FALSE,TRUE,1991
111,Abdi Salim,Abdi,Salim,SOM,DF,FALSE,TRUE,2001
112,Marco Santana,Marco,Santana,,DF,FALSE,TRUE,
113,Koa Santos,Koa,Santos,USA,DF,FALSE,TRUE,1999
114,Hayden Sargis,Hayden,Sargis,USA,DF,FALSE,TRUE,2002
115,Jordan Scarlett,Jordan,Scarlett,JAM,DF,FALSE,TRUE,1995
116,Patrick Seagrist,Patrick,Seagrist,USA,DF,FALSE,TRUE,1998
117,Mark Segbers,Mark,Segbers,USA,DF,FALSE,TRUE,1996
118,Will Seymore,Will,Seymore,USA,DF,FALSE,TRUE,1992
119,Matthew Sheldon,Matthew,Sheldon,USA,DF,FALSE,TRUE,1992
120,Collin Smith,Collin,Smith,USA,DF,FALSE,TRUE,2003
121,Graham Smith,Graham,Smith,USA,DF,FALSE,TRUE,1995
122,Alexis Souahy,Alexis,Souahy,COM,DF,FALSE,TRUE,1995
123,Hayden Stamps,Hayden,Stamps,,DF,FALSE,TRUE,
124,Grant Stoneman,Grant,Stoneman,USA,DF,FALSE,TRUE,1995
125,Sean Suber,Sean,Suber,USA,DF,FALSE,TRUE,2001
126,Mitchell Taintor,Mitchell,Taintor,USA,DF,FALSE,TRUE,1994
127,Rashid Tetteh,Rashid,Tetteh,GHA,DF,FALSE,TRUE,1995
128,Jared Timmer,Jared,Timmer,USA,DF,FALSE,TRUE,1997
129,Griffin Tomas,Griffin,Tomas,,DF,FALSE,TRUE,
130,Sean Totsch,Sean,Totsch,USA,DF,FALSE,TRUE,1991
131,Lucas Turci,Lucas,Turci,BRA,DF,FALSE,TRUE,1996
132,Kofi Twumasi,Kofi,Twumasi,USA,DF,FALSE,TRUE,1996
133,Chibuike Ukaegbu,Chibuike,Ukaegbu,USA,DF,FALSE,TRUE,2007
134,Raul Vazquez,Raul,Vazquez,USA,DF,FALSE,TRUE,2005
135,Carson Vom Steeg,Carson,Vom Steeg,USA,DF,FALSE,TRUE,1999
136,Akeem Ward,Akeem,Ward,USA,DF,FALSE,TRUE,1996
137,Bryce Washington,Bryce,Washington,USA,DF,FALSE,TRUE,1998
138,Hayden White,Hayden,White,ENG,DF,FALSE,TRUE,1995
139,Shane Wiedt,Shane,Wiedt,USA,DF,FALSE,TRUE,1995
140,Richard Windbichler,Richard,Windbichler,AUT,DF,FALSE,TRUE,1991
141,Laurence Wyke,Laurence,Wyke,ENG,DF,FALSE,TRUE,1996
142,Abdel Yacoubou,Abdel,Yacoubou,TOG,DF,FALSE,TRUE,1997
143,Karifa Yao,Karifa,Yao,CAN,DF,FALSE,TRUE,2000
144,Yuma,#VALUE!,#VALUE!,ESP,DF,FALSE,TRUE,1985
145,Nick DePuy,Nick,DePuy,USA,"DF,FW",TRUE,TRUE,1994
146,Langston Blackstock,Langston,Blackstock,,"DF,MF",TRUE,TRUE,
147,Trova Boni,Trova,Boni,BFA,"DF,MF",TRUE,TRUE,1999
148,Rece Buckmaster,Rece,Buckmaster,USA,"DF,MF",TRUE,TRUE,1996
149,Emil Cuello,Emil,Cuello,USA,"DF,MF",TRUE,TRUE,1997
150,Owen Damm,Owen,Damm,USA,"DF,MF",TRUE,TRUE,2003
151,Guillermo Diaz,Guillermo,Diaz,USA,"DF,MF",TRUE,TRUE,1995
152,Derek Dodson,Derek,Dodson,USA,"DF,MF",TRUE,TRUE,1998
153,Ryan Doghman,Ryan,Doghman,NOR,"DF,MF",TRUE,TRUE,1997
154,Morey Doner,Morey,Doner,CAN,"DF,MF",TRUE,TRUE,1994
155,Junior Etou,Junior,Etou,CGO,"DF,MF",TRUE,TRUE,1994
156,Omar Grey,Omar,Grey,USA,"DF,MF",TRUE,TRUE,2000
157,Jack Gurr,Jack,Gurr,ENG,"DF,MF",TRUE,TRUE,1995
158,Neveal Hackshaw,Neveal,Hackshaw,TRI,"DF,MF",TRUE,TRUE,1995
159,Ramiz Hamouda,Ramiz,Hamouda,USA,"DF,MF",TRUE,TRUE,2008
160,Nick Hinds,Nick,Hinds,USA,"DF,MF",TRUE,TRUE,1997
161,Macauley King,Macauley,King,ENG,"DF,MF",TRUE,TRUE,1995
162,Miles Lyons,Miles,Lyons,USA,"DF,MF",TRUE,TRUE,2002
163,Alejandro Mitrano,Alejandro,Mitrano,VEN,"DF,MF",TRUE,TRUE,1998
164,Eddie Munjoma,Eddie,Munjoma,USA,"DF,MF",TRUE,TRUE,1998
165,Mujeeb Murana,Mujeeb,Murana,USA,"DF,MF",TRUE,TRUE,2000
166,Junior Palacios,Junior,Palacios,COL,"DF,MF",TRUE,TRUE,1996
167,Dillon Powers,Dillon,Powers,USA,"DF,MF",TRUE,TRUE,1991
168,Justin Rasmussen,Justin,Rasmussen,USA,"DF,MF",TRUE,TRUE,1998
169,Arthur Rogers,Arthur,Rogers,ENG,"DF,MF",TRUE,TRUE,1996
170,Daniel Rovira,Daniel,Rovira,COL,"DF,MF",TRUE,TRUE,1996
171,Emmanuel Samadiya,Emmanuel,Samadiya,SLE,"DF,MF",TRUE,TRUE,2001
172,Shawn Smart,Shawn,Smart,,"DF,MF",TRUE,TRUE,
173,Harvey St Clair,Harvey,St Clair,SCO,"DF,MF",TRUE,TRUE,1998
174,Aedan Stanley,Aedan,Stanley,USA,"DF,MF",TRUE,TRUE,1999
175,John Stenberg,John,Stenberg,SWE,"DF,MF",TRUE,TRUE,1992
176,Bryan Tamacas,Bryan,Tamacas,SLV,"DF,MF",TRUE,TRUE,1995
177,Mohamed Traore,Mohamed,Traore,SEN,"DF,MF",TRUE,TRUE,2002
178,Cole Turner,Cole,Turner,USA,"DF,MF",TRUE,TRUE,2001
179,Alex Villanueva,Alex,Villanueva,USA,"DF,MF",TRUE,TRUE,2002
180,Juan Agudelo,Juan,Agudelo,USA,FW,TRUE,FALSE,1992
181,Riki Alba,Riki,Alba,DOM,FW,TRUE,FALSE,1995
182,Thomas Amang,Thomas,Amang,CMR,FW,TRUE,FALSE,1998
183,Trevor Amann,Trevor,Amann,USA,FW,TRUE,FALSE,1998
184,Elvis Amoh,Elvis,Amoh,GHA,FW,TRUE,FALSE,1992
185,Oalex Anderson,Oalex,Anderson,VIN,FW,TRUE,FALSE,1995
186,Luther Archimède,Luther,Archimède,GLP,FW,TRUE,FALSE,1999
187,Manuel Arteaga,Manuel,Arteaga,VEN,FW,TRUE,FALSE,1994
188,Khalid Balogun,Khalid,Balogun,USA,FW,TRUE,FALSE,1998
189,Damien Barker,Damien,Barker,GRN,FW,TRUE,FALSE,2004
190,Khori Bennett,Khori,Bennett,JAM,FW,TRUE,FALSE,1997
191,Victor Bezerra,Victor,Bezerra,USA,FW,TRUE,FALSE,2000
192,Aaron Bibout,Aaron,Bibout,CMR,FW,TRUE,FALSE,2004
193,Ousseni Bouda,Ousseni,Bouda,BFA,FW,TRUE,FALSE,2000
194,Neco Brett,Neco,Brett,JAM,FW,TRUE,FALSE,1992
195,Daniel Bruce,Daniel,Bruce,ENG,FW,TRUE,FALSE,1996
196,Mohamed Buya Turay,Mohamed,Buya Turay,SLE,FW,TRUE,FALSE,1995
197,Michnaider Chéry,Michnaider,Chéry,HAI,FW,TRUE,FALSE,1997
198,Elliot Collier,Elliot,Collier,NZL,FW,TRUE,FALSE,1995
199,Jackson Conway,Jackson,Conway,USA,FW,TRUE,FALSE,2001
200,Vaughn Covil,Vaughn,Covil,ENG,FW,TRUE,FALSE,2003
201,Ronaldo Damus,Ronaldo,Damus,HAI,FW,TRUE,FALSE,1999
202,Abu Danladi,Abu,Danladi,GHA,FW,TRUE,FALSE,1995
203,Evan Davila,Evan,Davila,,FW,TRUE,FALSE,
204,Justin Dhillon,Justin,Dhillon,USA,FW,TRUE,FALSE,1995
205,Babacar Diene,Babacar,Diene,,FW,TRUE,FALSE,
206,Mamadou Dieng,Mamadou,Dieng,SEN,FW,TRUE,FALSE,2004
207,Albert Dikwa,Albert,Dikwa,CMR,FW,TRUE,FALSE,1998
208,Dom Dwyer,Dom,Dwyer,USA,FW,TRUE,FALSE,1990
209,Amaury Escoto,Amaury,Escoto,MEX,FW,TRUE,FALSE,1992
210,Isaac Espinal,Isaac,Espinal,USA,FW,TRUE,FALSE,2005
211,Ryan Flood,Ryan,Flood,USA,FW,TRUE,FALSE,1998
212,Tyler Freeman,Tyler,Freeman,USA,FW,TRUE,FALSE,2003
213,Sam Gleadle,Sam,Gleadle,ENG,FW,TRUE,FALSE,1996
214,Jorge González,Jorge,González,ESP,FW,TRUE,FALSE,1998
215,Phillip Goodrum,Phillip,Goodrum,USA,FW,TRUE,FALSE,1997
216,Wilson Harris,Wilson,Harris,USA,FW,TRUE,FALSE,1999
217,Karsen Henderlong,Karsen,Henderlong,USA,FW,TRUE,FALSE,2000
218,Sébatien Joseph,Sébatien,Joseph,HAI,FW,TRUE,FALSE,2007
219,Da'vian Kimbrough,Da'vian,Kimbrough,MEX,FW,TRUE,FALSE,2010
220,Marcus Lee,Marcus,Lee,USA,FW,TRUE,FALSE,2006
221,Dylan Mares,Dylan,Mares,USA,FW,TRUE,FALSE,1992
222,Darwin Matheus,Darwin,Matheus,VEN,FW,TRUE,FALSE,2001
223,Yazeed Matthews,Yazeed,Matthews,RSA,FW,TRUE,FALSE,1996
224,Hugo-Hilaire Mbongue Mbongue,Hugo-Hilaire,Mbongue Mbongue,CAN,FW,TRUE,FALSE,2004
225,Garrett McLaughlin,Garrett,McLaughlin,USA,FW,TRUE,FALSE,1997
226,Malik McLemore,Malik,McLemore,GER,FW,TRUE,FALSE,1997
227,Nathan Messer,Nathan,Messer,ENG,FW,TRUE,FALSE,2001
228,José Mulato,José,Mulato,COL,FW,TRUE,FALSE,2003
229,Endri Mustali,Endri,Mustali,USA,FW,TRUE,FALSE,2007
230,MD Myers,MD,Myers,USA,FW,TRUE,FALSE,2001
231,Anthony Orendain,Anthony,Orendain,USA,FW,TRUE,FALSE,1998
232,Cristian Ortiz,Cristian,Ortiz,DOM,FW,TRUE,FALSE,2007
233,Adrien Perez,Adrien,Perez,USA,FW,TRUE,FALSE,1995
234,Kieran Phillips,Kieran,Phillips,ENG,FW,TRUE,FALSE,2000
235,Stefano Pinho,Stefano,Pinho,BRA,FW,TRUE,FALSE,1991
236,Julian Placias,Julian,Placias,USA,FW,TRUE,FALSE,2006
237,Nicolas Ruiz,Nicolas,Ruiz,USA,FW,TRUE,FALSE,2006
238,Zach Ryan,Zach,Ryan,USA,FW,TRUE,FALSE,1999
239,Juan Sebastián Herrera,Juan,Sebastián Herrera,COL,FW,TRUE,FALSE,1994
240,Ray Serrano,Ray,Serrano,USA,FW,TRUE,FALSE,2002
241,Tola Showunmi,Tola,Showunmi,ENG,FW,TRUE,FALSE,2000
242,Luis Solignac,Luis,Solignac,ARG,FW,TRUE,FALSE,1991
243,Ezekiel Soto,Ezekiel,Soto,USA,FW,TRUE,FALSE,2007
244,Kazaiah Sterling,Kazaiah,Sterling,ENG,FW,TRUE,FALSE,1998
245,Tristan Trager,Tristan,Trager,USA,FW,TRUE,FALSE,1999
246,Derek Villa,Derek,Villa,USA,FW,TRUE,FALSE,2005
247,Christian Volesky,Christian,Volesky,ARG,FW,TRUE,FALSE,1992
248,Pape Wane,Pape,Wane,SEN,FW,TRUE,FALSE,2005
249,Blake Willey,Blake,Willey,USA,FW,TRUE,FALSE,2007
250,Augustine Williams,Augustine,Williams,SLE,FW,TRUE,FALSE,1997
251,JJ Williams,JJ,Williams,USA,FW,TRUE,FALSE,1998
252,Romario Williams,Romario,Williams,JAM,FW,TRUE,FALSE,1994
253,Ethan Zubak,Ethan,Zubak,USA,FW,TRUE,FALSE,1998
254,Tomas Ángel,Tomas,Ángel,COL,"FW,MF",TRUE,FALSE,2003
255,Edison Azcona,Edison,Azcona,DOM,"FW,MF",TRUE,FALSE,2003
256,Jon Bakero,Jon,Bakero,ESP,"FW,MF",TRUE,FALSE,1996
257,Rémi Cabral,Rémi,Cabral,FRA,"FW,MF",TRUE,FALSE,1999
258,Andy Cabrera,Andy,Cabrera,,"FW,MF",TRUE,FALSE,
259,Juan Carlos Azocar,Juan,Carlos Azocar,VEN,"FW,MF",TRUE,FALSE,1995
260,Jeciel Cedeno,Jeciel,Cedeno,ECU,"FW,MF",TRUE,FALSE,2000
261,Russell Cicerone,Russell,Cicerone,USA,"FW,MF",TRUE,FALSE,1994
262,Evan Conway,Evan,Conway,USA,"FW,MF",TRUE,FALSE,1997
263,Mark Doyle,Mark,Doyle,IRL,"FW,MF",TRUE,FALSE,1998
264,Noah Fuson,Noah,Fuson,USA,"FW,MF",TRUE,FALSE,1999
265,Michael Gonzalez,Michael,Gonzalez,USA,"FW,MF",TRUE,FALSE,2001
266,Greg Hurst,Greg,Hurst,SCO,"FW,MF",TRUE,FALSE,1997
267,Emmanuel Johnson,Emmanuel,Johnson,USA,"FW,MF",TRUE,FALSE,2003
268,Prosper Kasim,Prosper,Kasim,GHA,"FW,MF",TRUE,FALSE,1996
269,Edward Kizza,Edward,Kizza,UGA,"FW,MF",TRUE,FALSE,1998
270,Jake LaCava,Jake,LaCava,USA,"FW,MF",TRUE,FALSE,2001
271,Kameron Lacey,Kameron,Lacey,JAM,"FW,MF",TRUE,FALSE,2001
272,Michael Lawrence,Michael,Lawrence,USA,"FW,MF",TRUE,FALSE,1999
273,Wesley Leggett,Wesley,Leggett,USA,"FW,MF",TRUE,FALSE,2001
274,Frank López,Frank,López,CUB,"FW,MF",TRUE,FALSE,1995
275,Machop Malual,Machop,Malual,SSD,"FW,MF",TRUE,FALSE,1998
276,Marlon,#VALUE!,#VALUE!,BRA,"FW,MF",TRUE,FALSE,1995
277,Douglas Martinez,Douglas,Martinez,HON,"FW,MF",TRUE,FALSE,1997
278,Amando Moreno,Amando,Moreno,SLV,"FW,MF",TRUE,FALSE,1995
279,Ben Morris,Ben,Morris,ENG,"FW,MF",TRUE,FALSE,1999
280,Robinson Moshobane,Robinson,Moshobane,RSA,"FW,MF",TRUE,FALSE,1994
281,Cristian Parano,Cristian,Parano,ARG,"FW,MF",TRUE,FALSE,1999
282,Tyler Pasher,Tyler,Pasher,CAN,"FW,MF",TRUE,FALSE,1994
283,Luis Pedro,Luis,Pedro,BRA,"FW,MF",TRUE,FALSE,2002
284,Johnny Rodriguez,Johnny,Rodriguez,USA,"FW,MF",TRUE,FALSE,1998
285,Stefan Stojanovic,Stefan,Stojanovic,USA,"FW,MF",TRUE,FALSE,2001
286,Preston Tabortetaka,Preston,Tabortetaka,CMR,"FW,MF",TRUE,FALSE,1998
287,Nicholas Ammeter,Nicholas,Ammeter,SUI,GK,FALSE,TRUE,2000
288,Raiko Arozarena,Raiko,Arozarena,CUB,GK,FALSE,TRUE,1997
289,Paul Blanchette,Paul,Blanchette,USA,GK,FALSE,TRUE,1994
290,Philip Breno,Philip,Breno,USA,GK,FALSE,TRUE,1995
291,Antonio Carrera,Antonio,Carrera,USA,GK,FALSE,TRUE,2004
292,Michael Creek,Michael,Creek,USA,GK,FALSE,TRUE,1998
293,Fernando Delgado,Fernando,Delgado,MEX,GK,FALSE,TRUE,2006
294,Tyler Deric,Tyler,Deric,USA,GK,FALSE,TRUE,1988
295,Eric Dick,Eric,Dick,USA,GK,FALSE,TRUE,1994
296,Jordan Farr,Jordan,Farr,USA,GK,FALSE,TRUE,1994
297,Daniel Faundez,Daniel,Faundez,USA,GK,FALSE,TRUE,1993
298,Hugo Fauroux,Hugo,Fauroux,FRA,GK,FALSE,TRUE,1996
299,Duran Ferree,Duran,Ferree,USA,GK,FALSE,TRUE,2006
300,Daniel Gagliardi,Daniel,Gagliardi,USA,GK,FALSE,TRUE,1997
301,Javier Garcia,Javier,Garcia,USA,GK,FALSE,TRUE,1998
302,Christian Garner,Christian,Garner,,GK,FALSE,TRUE,
303,Tomas Gomez,Tomas,Gomez,USA,GK,FALSE,TRUE,1993
304,Brandon Gongora,Brandon,Gongora,USA,GK,FALSE,TRUE,2006
305,Adam Grinwis,Adam,Grinwis,USA,GK,FALSE,TRUE,1992
306,Triston Henry,Triston,Henry,CAN,GK,FALSE,TRUE,1993
307,Carlos Herrera,Carlos,Herrera,MEX,GK,FALSE,TRUE,1997
308,Christian Herrera,Christian,Herrera,MEX,GK,FALSE,TRUE,1997
309,Jayden Hibbert,Jayden,Hibbert,JAM,GK,FALSE,TRUE,2004
310,Owen Jack,Owen,Jack,USA,GK,FALSE,TRUE,2000
311,Daniel Kuzemka,Daniel,Kuzemka,USA,GK,FALSE,TRUE,1998
312,Damian Las,Damian,Las,USA,GK,FALSE,TRUE,2002
313,Jackson Lee,Jackson,Lee,AUS,GK,FALSE,TRUE,2001
314,George Marks,George,Marks,USA,GK,FALSE,TRUE,1999
315,Jared Mazzola,Jared,Mazzola,USA,GK,FALSE,TRUE,1999
316,Jake McGuire,Jake,McGuire,USA,GK,FALSE,TRUE,1994
317,Kendall McIntosh,Kendall,McIntosh,USA,GK,FALSE,TRUE,1994
318,Greg Monroe,Greg,Monroe,USA,GK,FALSE,TRUE,2000
319,Enzo Mori,Enzo,Mori,,GK,FALSE,TRUE,
320,Khadim Ndiaye,Khadim,Ndiaye,SEN,GK,FALSE,TRUE,2000
321,Gerold Ngnepi,Gerold,Ngnepi,CMR,GK,FALSE,TRUE,1998
322,Yannik Oettl,Yannik,Oettl,GER,GK,FALSE,TRUE,1996
323,Ramón Pasquel,Ramón,Pasquel,MEX,GK,FALSE,TRUE,1996
324,Johan Peñaranda,Johan,Peñaranda,USA,GK,FALSE,TRUE,2000
325,Gabriel Perrota,Gabriel,Perrota,PAR,GK,FALSE,TRUE,1998
326,Patrick Rakovsky,Patrick,Rakovsky,GER,GK,FALSE,TRUE,1993
327,Jacob Randolph,Jacob,Randolph,,GK,FALSE,TRUE,
328,Renan Ribeiro,Renan,Ribeiro,BRA,GK,FALSE,TRUE,1990
329,Rocco Ríos Novo,Rocco,Ríos Novo,ARG,GK,FALSE,TRUE,2002
330,Felipe Rodriguez,Felipe,Rodriguez,URU,GK,FALSE,TRUE,2004
331,Joey Roggeveen,Joey,Roggeveen,SUR,GK,FALSE,TRUE,1998
332,Carlos Saldaña,Carlos,Saldaña,MEX,GK,FALSE,TRUE,1996
333,Richard Sánchez,Richard,Sánchez,MEX,GK,FALSE,TRUE,1994
334,Aren Seeger,Aren,Seeger,USA,GK,FALSE,TRUE,2000
335,Kristopher Shakes,Kristopher,Shakes,USA,GK,FALSE,TRUE,2001
336,Colin Shutler,Colin,Shutler,USA,GK,FALSE,TRUE,1998
337,Pablo Sisniega,Pablo,Sisniega,MEX,GK,FALSE,TRUE,1995
338,Trevor Spangenberg,Trevor,Spangenberg,USA,GK,FALSE,TRUE,1991
339,Nathan Steinwascher,Nathan,Steinwascher,USA,GK,FALSE,TRUE,1993
340,Hunter Sulte,Hunter,Sulte,USA,GK,FALSE,TRUE,2002
341,Timothy Syrel,Timothy,Syrel,USA,GK,FALSE,TRUE,2003
342,Alexandros Tabakis,Alexandros,Tabakis,GRE,GK,FALSE,TRUE,1992
343,Ryan Troutman,Ryan,Troutman,USA,GK,FALSE,TRUE,2000
344,Matt Van Oekel,Matt,Van Oekel,USA,GK,FALSE,TRUE,1986
345,Koke Vegas,Koke,Vegas,ESP,GK,FALSE,TRUE,1995
346,Daniel Vitiello,Daniel,Vitiello,USA,GK,FALSE,TRUE,1996
347,Jahmali Waite,Jahmali,Waite,JAM,GK,FALSE,TRUE,1998
348,Paul Walters,Paul,Walters,USA,GK,FALSE,TRUE,2004
349,Austin Wormell,Austin,Wormell,USA,GK,FALSE,TRUE,1998
350,Diego Abarca,Diego,Abarca,USA,MF,TRUE,FALSE,2005
351,Mohammed Abu,Mohammed,Abu,GHA,MF,TRUE,FALSE,1991
352,Charlie Adams,Charlie,Adams,ENG,MF,TRUE,FALSE,1994
353,Giovanni Aguilar,Giovanni,Aguilar,USA,MF,TRUE,FALSE,1998
354,Mukwelle Akale,Mukwelle,Akale,USA,MF,TRUE,FALSE,1997
355,Alex Andersson,Alex,Andersson,SWE,MF,TRUE,FALSE,2000
356,Isaac Angking,Isaac,Angking,PUR,MF,TRUE,FALSE,2000
357,Panos Armenakas,Panos,Armenakas,AUS,MF,TRUE,FALSE,1998
358,Ezra Armstrong,Ezra,Armstrong,USA,MF,TRUE,FALSE,1998
359,Anderson Asiedu,Anderson,Asiedu,GHA,MF,TRUE,FALSE,1996
360,Jerry Ayon,Jerry,Ayon,USA,MF,TRUE,FALSE,2001
361,Ryan Ayoub,Ryan,Ayoub,USA,MF,TRUE,FALSE,2005
362,Rafael Baca,Rafael,Baca,MEX,MF,TRUE,FALSE,1989
363,Zico Bailey,Zico,Bailey,PHI,MF,TRUE,FALSE,2000
364,Benjamin Barjolo,Benjamin,Barjolo,USA,MF,TRUE,FALSE,2007
365,Danny Barrera,Danny,Barrera,USA,MF,TRUE,FALSE,1990
366,Arun Basuljevic,Arun,Basuljevic,USA,MF,TRUE,FALSE,1995
367,Matthew Bell,Matthew,Bell,JAM,MF,TRUE,FALSE,2002
368,Ben Bender,Ben,Bender,USA,MF,TRUE,FALSE,2001
369,Jack Blake,Jack,Blake,SCO,MF,TRUE,FALSE,1994
370,Andrew Booth,Andrew,Booth,JAM,MF,TRUE,FALSE,1997
371,Manuel Botta,Manuel,Botta,ITA,MF,TRUE,FALSE,2002
372,Kieran Bracken,Kieran,Bracken,USA,MF,TRUE,FALSE,2005
373,Joseph Brito,Joseph,Brito,,MF,TRUE,FALSE,
374,Sandor Bustamante,Sandor,Bustamante,USA,MF,TRUE,FALSE,1999
375,Finn Calloway,Finn,Calloway,,MF,TRUE,FALSE,
376,Samuel Careaga,Samuel,Careaga,ARG,MF,TRUE,FALSE,2002
377,Seth Casiple,Seth,Casiple,USA,MF,TRUE,FALSE,1993
378,Jay Chapman,Jay,Chapman,CAN,MF,TRUE,FALSE,1994
379,Matthew Corcoran,Matthew,Corcoran,USA,MF,TRUE,FALSE,2006
380,Robert Coronado,Robert,Coronado,USA,MF,TRUE,FALSE,1996
381,Daniel Crisostomo,Daniel,Crisostomo,USA,MF,TRUE,FALSE,1997
382,Sawyer Crisostomo,Sawyer,Crisostomo,USA,MF,TRUE,FALSE,2006
383,Taylor Davila,Taylor,Davila,USA,MF,TRUE,FALSE,2000
384,Charlie Dennis,Charlie,Dennis,ENG,MF,TRUE,FALSE,1995
385,Lucas DePaula,Lucas,DePaula,USA,MF,TRUE,FALSE,2006
386,Joey DeZart,Joey,DeZart,JAM,MF,TRUE,FALSE,1998
387,Amadou Dia,Amadou,Dia,USA,MF,TRUE,FALSE,1993
388,Boubacar Diallo,Boubacar,Diallo,USA,MF,TRUE,FALSE,2002
389,Ryan Dieter,Ryan,Dieter,USA,MF,TRUE,FALSE,2001
390,Abdoulaye Diop,Abdoulaye,Diop,SEN,MF,TRUE,FALSE,1999
391,Sofiane Djeffal,Sofiane,Djeffal,FRA,MF,TRUE,FALSE,1999
392,Jackson DuBois,Jackson,DuBois,,MF,TRUE,FALSE,
393,Zach Duncan,Zach,Duncan,AUS,MF,TRUE,FALSE,2000
394,Steven Echeverria,Steven,Echeverria,PUR,MF,TRUE,FALSE,1996
395,Kyle Edwards,Kyle,Edwards,VIN,MF,TRUE,FALSE,1996
396,Ali Elmasnaouy,Ali,Elmasnaouy,USA,MF,TRUE,FALSE,2005
397,Marcus Epps,Marcus,Epps,USA,MF,TRUE,FALSE,1995
398,Mobi Fehr,Mobi,Fehr,USA,MF,TRUE,FALSE,1994
399,Luis Felipe,Luis,Felipe,BRA,MF,TRUE,FALSE,1996
400,Eduardo Fernandez,Eduardo,Fernandez,USA,MF,TRUE,FALSE,2006
401,Luiz Fernando,Luiz,Fernando,BRA,MF,TRUE,FALSE,1997
402,Blaine Ferri,Blaine,Ferri,USA,MF,TRUE,FALSE,2000
403,Jonas Fjeldberg,Jonas,Fjeldberg,NOR,MF,TRUE,FALSE,1998
404,Avionne Flanagan,Avionne,Flanagan,USA,MF,TRUE,FALSE,1999
405,Kenardo Forbes,Kenardo,Forbes,JAM,MF,TRUE,FALSE,1988
406,Andre Fortune II,Andre,Fortune II,TRI,MF,TRUE,FALSE,1996
407,Gabriel de Freitas,Gabriel,de Freitas,BRA,MF,TRUE,FALSE,1997
408,Pierce Gallaway,Pierce,Gallaway,USA,MF,TRUE,FALSE,2001
409,Jeremy Garay,Jeremy,Garay,SLV,MF,TRUE,FALSE,2003
410,Dominic Gasso,Dominic,Gasso,USA,MF,TRUE,FALSE,2003
411,Tyler Gibson,Tyler,Gibson,USA,MF,TRUE,FALSE,1991
412,Daniel Gomez,Daniel,Gomez,,MF,TRUE,FALSE,
413,All Gue,All,Gue,HAI,MF,TRUE,FALSE,2005
414,Miguel Guerrero,Miguel,Guerrero,USA,MF,TRUE,FALSE,2001
415,Diego Gutierrez,Diego,Gutierrez,USA,MF,TRUE,FALSE,1999
416,Luke Haakenson,Luke,Haakenson,USA,MF,TRUE,FALSE,1997
417,Marlon Hairston,Marlon,Hairston,USA,MF,TRUE,FALSE,1994
418,Yosuke Hanya,Yosuke,Hanya,JPN,MF,TRUE,FALSE,1999
419,Dayonn Harris,Dayonn,Harris,ATG,MF,TRUE,FALSE,1997
420,Jacori Hayes,Jacori,Hayes,USA,MF,TRUE,FALSE,1995
421,Jairo Henríquez,Jairo,Henríquez,SLV,MF,TRUE,FALSE,1993
422,Zachary Herivaux,Zachary,Herivaux,HAI,MF,TRUE,FALSE,1996
423,Jorge Hernandez,Jorge,Hernandez,USA,MF,TRUE,FALSE,2000
424,Jose Hernandez,Jose,Hernandez,USA,MF,TRUE,FALSE,1996
425,Nicky Hernandez,Nicky,Hernandez,USA,MF,TRUE,FALSE,1998
426,Kobe Hernandez-Foster,Kobe,Hernandez-Foster,USA,MF,TRUE,FALSE,2002
427,Lewis Hilton,Lewis,Hilton,ENG,MF,TRUE,FALSE,1993
428,Emerson Hyndman,Emerson,Hyndman,USA,MF,TRUE,FALSE,1996
429,Brian Iloski,Brian,Iloski,USA,MF,TRUE,FALSE,1995
430,Donasiyano Irakoze,Donasiyano,Irakoze,BDI,MF,TRUE,FALSE,1998
431,Bryce Jamison,Bryce,Jamison,USA,MF,TRUE,FALSE,2006
432,Darius Johnson,Darius,Johnson,GRN,MF,TRUE,FALSE,2000
433,Aaron Kačinari,Aaron,Kačinari,SVN,MF,TRUE,FALSE,2001
434,Kevon Lambert,Kevon,Lambert,JAM,MF,TRUE,FALSE,1997
435,Houssou Landry,Houssou,Landry,CIV,MF,TRUE,FALSE,2000
436,Cameron Lindley,Cameron,Lindley,USA,MF,TRUE,FALSE,1997
437,Pablo Linzoain,Pablo,Linzoain,,MF,TRUE,FALSE,
438,Lucas,#VALUE!,#VALUE!,BRA,MF,TRUE,FALSE,1997
439,Tyreek Magee,Tyreek,Magee,JAM,MF,TRUE,FALSE,1999
440,Beverly Makangila,Beverly,Makangila,COD,MF,TRUE,FALSE,2000
441,Mikey Maldonado,Mikey,Maldonado,USA,MF,TRUE,FALSE,1998
442,Jearl Margaritha,Jearl,Margaritha,CUW,MF,TRUE,FALSE,2000
443,Nick Markanich,Nick,Markanich,PHI,MF,TRUE,FALSE,1999
444,Collin Martin,Collin,Martin,USA,MF,TRUE,FALSE,1994
445,Napo Matsoso,Napo,Matsoso,LES,MF,TRUE,FALSE,1994
446,Niall McCabe,Niall,McCabe,USA,MF,TRUE,FALSE,1990
447,Thomas McCabe,Thomas,McCabe,USA,MF,TRUE,FALSE,1998
448,Dawson McCartney,Dawson,McCartney,USA,MF,TRUE,FALSE,1998
449,Aiden McFadden,Aiden,McFadden,USA,MF,TRUE,FALSE,1998
450,Conor McGlynn,Conor,McGlynn,USA,MF,TRUE,FALSE,1998
451,David Mejia,David,Mejia,USA,MF,TRUE,FALSE,2003
452,Rafa Mentzingen,Rafa,Mentzingen,BRA,MF,TRUE,FALSE,1996
453,Noe Meza,Noe,Meza,USA,MF,TRUE,FALSE,1998
454,Marco Micaletto,Marco,Micaletto,ITA,MF,TRUE,FALSE,1996
455,Ben Mines,Ben,Mines,USA,MF,TRUE,FALSE,2000
456,Carlos Moguel,Carlos,Moguel,USA,MF,TRUE,FALSE,2003
457,Roberto Molina,Roberto,Molina,SLV,MF,TRUE,FALSE,2001
458,Aaron Molloy,Aaron,Molloy,IRL,MF,TRUE,FALSE,1997
459,Nick Moon,Nick,Moon,USA,MF,TRUE,FALSE,1996
460,Jake Morris,Jake,Morris,USA,MF,TRUE,FALSE,1999
461,Cole Mrowka,Cole,Mrowka,USA,MF,TRUE,FALSE,2006
462,James Murphy,James,Murphy,USA,MF,TRUE,FALSE,1997
463,Enoch Mushagalusa,Enoch,Mushagalusa,,MF,TRUE,FALSE,1999
464,Alex Nagy,Alex,Nagy,USA,MF,TRUE,FALSE,2000
465,Francisco Nevarez,Francisco,Nevarez,MEX,MF,TRUE,FALSE,2000
466,Harvey Neville,Harvey,Neville,IRL,MF,TRUE,FALSE,2002
467,Jean-Claude Ngando,Jean-Claude,Ngando,CMR,MF,TRUE,FALSE,1999
468,Pacifique Niyongabire,Pacifique,Niyongabire,BDI,MF,TRUE,FALSE,2000
469,Benjamin Norris,Benjamin,Norris,USA,MF,TRUE,FALSE,2006
470,Ethan O'Brien,Ethan,O'Brien,USA,MF,TRUE,FALSE,2001
471,Aidan O'Toole,Aidan,O'Toole,USA,MF,TRUE,FALSE,2001
472,Diogo Oliveira Pacheco,Diogo,Oliveira Pacheco,POR,MF,TRUE,FALSE,1998
473,Jack Panayotou,Jack,Panayotou,USA,MF,TRUE,FALSE,2004
474,Kevin Partida,Kevin,Partida,USA,MF,TRUE,FALSE,1995
475,Leston Paul,Leston,Paul,TRI,MF,TRUE,FALSE,
476,Gonzalo Pelúa,Gonzalo,Pelúa,URU,MF,TRUE,FALSE,2003
477,Manny Perez,Manny,Perez,USA,MF,TRUE,FALSE,1999
478,Miguel Perez,Miguel,Perez,USA,MF,TRUE,FALSE,2005
479,Petar Petrović,Petar,Petrović,SRB,MF,TRUE,FALSE,1995
480,Camilo Ponce,Camilo,Ponce,USA,MF,TRUE,FALSE,2003
481,Justin Portillo,Justin,Portillo,USA,MF,TRUE,FALSE,1992
482,Aodhan Quinn,Aodhan,Quinn,USA,MF,TRUE,FALSE,1992
483,Edwin Ramos,Edwin,Ramos,COL,MF,TRUE,FALSE,1999
484,Adrian Rebollar,Adrian,Rebollar,USA,MF,TRUE,FALSE,1999
485,Jacobo Reyes,Jacobo,Reyes,USA,MF,TRUE,FALSE,2000
486,Danny Ríos,Danny,Ríos,SLV,MF,TRUE,FALSE,2003
487,Marco Rios,Marco,Rios,USA,MF,TRUE,FALSE,2005
488,Sergio Rivas,Sergio,Rivas,MEX,MF,TRUE,FALSE,1997
489,Wilmar Rivas,Wilmar,Rivas,COL,MF,TRUE,FALSE,2001
490,Damien Rivera,Damien,Rivera,CRC,MF,TRUE,FALSE,2002
491,Arturo Rodriguez,Arturo,Rodriguez,MEX,MF,TRUE,FALSE,1998
492,Mario Rodriguez,Mario,Rodriguez,USA,MF,TRUE,FALSE,2004
493,Maxi Rodriguez,Maxi,Rodriguez,USA,MF,TRUE,FALSE,1995
494,Alexander Romero,Alexander,Romero,SLV,MF,TRUE,FALSE,2004
495,Liam Rose,Liam,Rose,AUS,MF,TRUE,FALSE,1997
496,Bradley Sample,Bradley,Sample,,MF,TRUE,FALSE,
497,Diego Sanchez,Diego,Sanchez,USA,MF,TRUE,FALSE,2004
498,Santiago Sanchez,Santiago,Sanchez,USA,MF,TRUE,FALSE,2008
499,Sebastián Sánchez,Sebastián,Sánchez,USA,MF,TRUE,FALSE,2003
500,Prince Saydee,Prince,Saydee,LBR,MF,TRUE,FALSE,1996
501,Joe Schmidt,Joe,Schmidt,USA,MF,TRUE,FALSE,1998
502,Max Schneider,Max,Schneider,GER,MF,TRUE,FALSE,2000
503,Kyle Scott,Kyle,Scott,ENG,MF,TRUE,FALSE,1997
504,Jaden Servania,Jaden,Servania,PUR,MF,TRUE,FALSE,2001
505,Amos Shapiro Thompson,Amos,Shapiro Thompson,USA,MF,TRUE,FALSE,2000
506,Ian Shaul,Ian,Shaul,USA,MF,TRUE,FALSE,2006
507,Nicholas Skubis,Nicholas,Skubis,USA,MF,TRUE,FALSE,2005
508,Raheem Somersall,Raheem,Somersall,SKN,MF,TRUE,FALSE,1997
509,Brem Soumaoro,Brem,Soumaoro,LBR,MF,TRUE,FALSE,1996
510,Ryan Spaulding,Ryan,Spaulding,USA,MF,TRUE,FALSE,1998
511,Finn Sundstrom,Finn,Sundstrom,USA,MF,TRUE,FALSE,2006
512,Juan Torres,Juan,Torres,COL,MF,TRUE,FALSE,2001
513,Dantouma Toure,Dantouma,Toure,GUI,MF,TRUE,FALSE,2004
514,Gavin Turner,Gavin,Turner,USA,MF,TRUE,FALSE,2007
515,Kevin Vang,Kevin,Vang,USA,MF,TRUE,FALSE,2000
516,Michael Vang,Michael,Vang,LAO,MF,TRUE,FALSE,2000
517,Landry Walker,Landry,Walker,USA,MF,TRUE,FALSE,2009
518,Jackson Wälti,Jackson,Wälti,USA,MF,TRUE,FALSE,1999
519,Devon Williams,Devon,Williams,JAM,MF,TRUE,FALSE,1992
520,Ryan Williams,Ryan,Williams,ENG,MF,TRUE,FALSE,1991
521,Tommy Williamson,Tommy,Williamson,USA,MF,TRUE,FALSE,1999
522,Laurence Wootton,Laurence,Wootton,ENG,MF,TRUE,FALSE,2000
523,Nathan Worth,Nathan,Worth,USA,MF,TRUE,FALSE,2007
524,Elijah Wynder,Elijah,Wynder,USA,MF,TRUE,FALSE,2003
525,Marc Ybarra,Marc,Ybarra,USA,MF,TRUE,FALSE,1998
526,Emilio Ycaza,Emilio,Ycaza,USA,MF,TRUE,FALSE,1997
527,Milo Yosef,Milo,Yosef,GER,MF,TRUE,FALSE,1998
528,Zach Zandi,Zach,Zandi,USA,MF,TRUE,FALSE,1996
529,Trevor Zwetsloot,Trevor,Zwetsloot,NZL,MF,TRUE,FALSE,1999
530,Bolu Akinyode,Bolu,Akinyode,NGA,"MF,DF",TRUE,TRUE,1994
531,Ilya Alekseev,Ilya,Alekseev,USA,"MF,DF",TRUE,TRUE,2005
532,Chris Allan,Chris,Allan,ENG,"MF,DF",TRUE,TRUE,1998
533,Kwame Awuah,Kwame,Awuah,CAN,"MF,DF",TRUE,TRUE,1995
534,Jordan Ayimbila,Jordan,Ayimbila,GHA,"MF,DF",TRUE,TRUE,2001
535,Nelson Blanco,Nelson,Blanco,SLV,"MF,DF",TRUE,TRUE,1999
536,Blake Bodily,Blake,Bodily,USA,"MF,DF",TRUE,TRUE,1998
537,Shaft Brewer,Shaft,Brewer,USA,"MF,DF",TRUE,TRUE,1999
538,Burá,Burá,NULL,GNB,"MF,DF",TRUE,TRUE,1995
539,Ashish Chattha,Ashish,Chattha,USA,"MF,DF",TRUE,TRUE,2000
540,Maxamed Cumar,Maxamed,Cumar,SOM,"MF,DF",TRUE,TRUE,1999
541,Giulio Doratiotto,Giulio,Doratiotto,ITA,"MF,DF",TRUE,TRUE,2004
542,Shannon Gomez,Shannon,Gomez,TRI,"MF,DF",TRUE,TRUE,1996
543,Danny Griffin,Danny,Griffin,USA,"MF,DF",TRUE,TRUE,1998
544,Clay Holstad,Clay,Holstad,USA,"MF,DF",TRUE,TRUE,2000
545,Ousman jabang,Ousman,jabang,USA,"MF,DF",TRUE,TRUE,2001
546,Isaiah Johnston,Isaiah,Johnston,CAN,"MF,DF",TRUE,TRUE,2001
547,Jojea Kwizera,Jojea,Kwizera,RWA,"MF,DF",TRUE,TRUE,1999
548,Walmer Martinez,Walmer,Martinez,SLV,"MF,DF",TRUE,TRUE,1998
549,Logan Neidlinger,Logan,Neidlinger,USA,"MF,DF",TRUE,TRUE,2005
550,Baboucarr Njie,Baboucarr,Njie,GAM,"MF,DF",TRUE,TRUE,1995
551,Jonathan Ricketts,Jonathan,Ricketts,USA,"MF,DF",TRUE,TRUE,1997
552,Camden Riley,Camden,Riley,USA,"MF,DF",TRUE,TRUE,1996
553,Edgardo Rito,Edgardo,Rito,VEN,"MF,DF",TRUE,TRUE,1996
554,Aidan Rocha,Aidan,Rocha,USA,"MF,DF",TRUE,TRUE,2000
555,Jake Rufe,Jake,Rufe,USA,"MF,DF",TRUE,TRUE,1996
556,Ricardo Ruiz,Ricardo,Ruiz,USA,"MF,DF",TRUE,TRUE,1996
557,Aldair Sanchez,Aldair,Sanchez,USA,"MF,DF",TRUE,TRUE,2002
558,John Scearce,John,Scearce,USA,"MF,DF",TRUE,TRUE,1997
559,Drew Skundrich,Drew,Skundrich,USA,"MF,DF",TRUE,TRUE,1995
560,Lucas Stauffer,Lucas,Stauffer,USA,"MF,DF",TRUE,TRUE,1995
561,Harry Swartz,Harry,Swartz,USA,"MF,DF",TRUE,TRUE,1996
562,Keegan Tingey,Keegan,Tingey,USA,"MF,DF",TRUE,TRUE,2000
563,Gabriel Torres,Gabriel,Torres,BRA,"MF,DF",TRUE,TRUE,1996
564,Stephen Turnbull,Stephen,Turnbull,USA,"MF,DF",TRUE,TRUE,1998
565,Thomas Vancaeyezeele,Thomas,Vancaeyezeele,GUF,"MF,DF",TRUE,TRUE,1994
566,Damia Viader,Damia,Viader,ESP,"MF,DF",TRUE,TRUE,1998
567,Rhys Williams,Rhys,Williams,USA,"MF,DF",TRUE,TRUE,1995
568,Renzo Zambrano,Renzo,Zambrano,VEN,"MF,DF",TRUE,TRUE,1994
569,Abdellatif Aboukoura,Abdellatif,Aboukoura,USA,"MF,FW",TRUE,FALSE,2004
570,Solomon Asante,Solomon,Asante,GHA,"MF,FW",TRUE,FALSE,1990
571,Deshane Beckford,Deshane,Beckford,JAM,"MF,FW",TRUE,FALSE,1998
572,Faysal Bettache,Faysal,Bettache,ENG,"MF,FW",TRUE,FALSE,2000
573,Riley Bidois,Riley,Bidois,NZL,"MF,FW",TRUE,FALSE,2002
574,Chase Boone,Chase,Boone,USA,"MF,FW",TRUE,FALSE,1995
575,Dylan Borczak,Dylan,Borczak,USA,"MF,FW",TRUE,FALSE,1999
576,Juan Brigido,Juan,Brigido,MEX,"MF,FW",TRUE,FALSE,2001
577,Eric Calvillo,Eric,Calvillo,SLV,"MF,FW",TRUE,FALSE,1998
578,Ali Coote,Ali,Coote,SCO,"MF,FW",TRUE,FALSE,1998
579,Etsgar Cruz,Etsgar,Cruz,USA,"MF,FW",TRUE,FALSE,2005
580,Rodrigo Da Costa,Rodrigo,Da Costa,BRA,"MF,FW",TRUE,FALSE,1993
581,Alexander Dalou,Alexander,Dalou,USA,"MF,FW",TRUE,FALSE,2000
582,Alex Dixon,Alex,Dixon,USA,"MF,FW",TRUE,FALSE,1990
583,Cameron Dunbar,Cameron,Dunbar,USA,"MF,FW",TRUE,FALSE,2002
584,Kalil ElMedkhar,Kalil,ElMedkhar,USA,"MF,FW",TRUE,FALSE,1999
585,Jesús Enríquez,Jesús,Enríquez,MEX,"MF,FW",TRUE,FALSE,1997
586,Daniel Espeleta,Daniel,Espeleta,CRC,"MF,FW",TRUE,FALSE,1998
587,Leo Fernandes,Leo,Fernandes,BRA,"MF,FW",TRUE,FALSE,1991
588,Dariusz Formella,Dariusz,Formella,POL,"MF,FW",TRUE,FALSE,1995
589,Maalique Foster,Maalique,Foster,JAM,"MF,FW",TRUE,FALSE,1996
590,Christiano François,Christiano,François,HAI,"MF,FW",TRUE,FALSE,1993
591,Mattia Gagliardi,Mattia,Gagliardi,ITA,"MF,FW",TRUE,FALSE,2004
592,Erickson Gallardo,Erickson,Gallardo,VEN,"MF,FW",TRUE,FALSE,1993
593,Coleman Gannon,Coleman,Gannon,USA,"MF,FW",TRUE,FALSE,2002
594,Allen Gavilanes,Allen,Gavilanes,USA,"MF,FW",TRUE,FALSE,1999
595,Rocco Genzano,Rocco,Genzano,ITA,"MF,FW",TRUE,FALSE,2004
596,Xavi Gnaulati,Xavi,Gnaulati,USA,"MF,FW",TRUE,FALSE,2005
597,Sebastián Guenzatti,Sebastián,Guenzatti,URU,"MF,FW",TRUE,FALSE,1991
598,Joe Gyau,Joe,Gyau,USA,"MF,FW",TRUE,FALSE,1992
599,Chris Hegardt,Chris,Hegardt,USA,"MF,FW",TRUE,FALSE,2002
600,Quenzi Huerman,Quenzi,Huerman,FRA,"MF,FW",TRUE,FALSE,2001
601,Tega Ikoba,Tega,Ikoba,USA,"MF,FW",TRUE,FALSE,2003
602,Bertin Jacquesson,Bertin,Jacquesson,FRA,"MF,FW",TRUE,FALSE,2001
603,Rafael Jauregui,Rafael,Jauregui,USA,"MF,FW",TRUE,FALSE,2004
604,Cal Jennings,Cal,Jennings,USA,"MF,FW",TRUE,FALSE,1997
605,Laurent Kissiedou,Laurent,Kissiedou,CIV,"MF,FW",TRUE,FALSE,1998
606,Bruno Lapa,Bruno,Lapa,BRA,"MF,FW",TRUE,FALSE,1997
607,Rodrigo López,Rodrigo,López,USA,"MF,FW",TRUE,FALSE,1987
608,José Luis Sinisterra,José,Luis Sinisterra,COL,"MF,FW",TRUE,FALSE,1998
609,Enzo Martínez,Enzo,Martínez,URU,"MF,FW",TRUE,FALSE,1990
610,Robbie Mertz,Robbie,Mertz,USA,"MF,FW",TRUE,FALSE,1996
611,Lindo Mfeka,Lindo,Mfeka,RSA,"MF,FW",TRUE,FALSE,1994
612,Michee Ngalina,Michee,Ngalina,BRA,"MF,FW",TRUE,FALSE,2000
613,Valentin Noël,Valentin,Noël,FRA,"MF,FW",TRUE,FALSE,1999
614,Diba Nwegbo,Diba,Nwegbo,NGA,"MF,FW",TRUE,FALSE,2002
615,Joshua Pérez,Joshua,Pérez,SLV,"MF,FW",TRUE,FALSE,1998
616,Louis Perez,Louis,Perez,FRA,"MF,FW",TRUE,FALSE,1997
617,Nighte Pickering,Nighte,Pickering,USA,"MF,FW",TRUE,FALSE,2005
618,Christian Pinzon,Christian,Pinzon,MEX,"MF,FW",TRUE,FALSE,1998
619,Trayvone Reid,Trayvone,Reid,JAM,"MF,FW",TRUE,FALSE,2000
620,Joaquin Rivas,Joaquin,Rivas,SLV,"MF,FW",TRUE,FALSE,1992
621,Nick Ross,Nick,Ross,SCO,"MF,FW",TRUE,FALSE,1991
622,Connor Rutz,Connor,Rutz,USA,"MF,FW",TRUE,FALSE,1997
623,Gaoussou Samaké,Gaoussou,Samaké,CIV,"MF,FW",TRUE,FALSE,1997
624,Christian Sorto,Christian,Sorto,SLV,"MF,FW",TRUE,FALSE,2000
625,Juan Tejada,Juan,Tejada,PAN,"MF,FW",TRUE,FALSE,1997
626,Florian Valot,Florian,Valot,FRA,"MF,FW",TRUE,FALSE,1993
627,Federico Varela,Federico,Varela,ARG,"MF,FW",TRUE,FALSE,1996
628,Marlon Vargas,Marlon,Vargas,SLV,"MF,FW",TRUE,FALSE,2001
629,Jansen Wilson,Jansen,Wilson,USA,"MF,FW",TRUE,FALSE,2001
630,Ricardo Zacarias,Ricardo,Zacarias,USA,"MF,FW",TRUE,FALSE,1995
631,Rida Zouhir,Rida,Zouhir,CAN,"MF,FW",TRUE,FALSE,2003
